<?xml version="1.0" encoding="UTF-8"?>
<!DOCTYPE configuration PUBLIC
"-//mybatis.org//DTD Config 3.0//EN"
"http://mybatis.org/dtd/mybatis-3-config.dtd">
<configuration>
<settings>
<setting name="logImpl" value="STDOUT_LOGGING"/>
</settings>
<typeAliases>
<typeAlias alias="UserModel" type="com.st.ssm.user.model.UserModel"/>
<typeAlias alias="KindsModel" type="com.st.ssm.kinds.model.KindsModel"/>
<typeAlias alias="GoodsModel" type="com.st.ssm.goods.model.GoodsModel"/>
<!-- <typeAlias alias="orderModel" type="com.st.ssm.kinds.model.OrderModel"/> -->
</typeAliases>
<mappers>
<mapper resource="com/st/ssm/user/mapper/UserMapper.xml"/>
<mapper resource="com/st/ssm/kinds/mapper/KindsMapper.xml"/>
<mapper resource="com/st/ssm/goods/mapper/GoodsMapper.xml"/>
<!-- <mapper resource="com/st/ssm/order/mapper/OrderMapper.xml"/> -->
</mappers>
</configuration>