<?xml version="1.0" encoding="UTF-8"?>
<!DOCTYPE mapper
  PUBLIC "-//mybatis.org//DTD Mapper 3.0//EN"
  "http://mybatis.org/dtd/mybatis-3-mapper.dtd">
<mapper namespace="com.st.ssm.goods.mapper.GoodsMapper">

	<resultMap id="BaseResultMap"
		type="com.st.ssm.goods.model.GoodsModel">
		<result column="goods_code" property="goodsCodeString" />
		<result column="goods_name" property="goodsNameString" />
		<result column="goods_description" property="goodsDescriptionString" />
		<result column="kinds_code" property="kindsCodeString" />
		<result column="goods_price" property="goodsPriceString" />
		<result column="goods_cost" property="goodsCostString" />
	</resultMap>
	
<!-- table all fields   sql片段 -->
	<sql id="Base_Column_List">
		goods_code, goods_name,goods_description,kinds_code,goods_price
	</sql>
	
	
<!-- 查询条件 -->
	<!-- 查询goods分页链表的查询条件 -->
	<sql id="Example_Where_Clause">
		where 1=1
			<if test="goodsCodeString != null">
				and goods_code like #{goodsCodeString}
			</if>
			<if test="goodsNameString != null">
				and goods_name like #{goodsNameString}
			</if>
			<if test="kindsCodeString != null">
				and kinds_code like #{kindsCodeString}
			</if>
	</sql>
	
	<insert id="insert" parameterType="Object" useGeneratedKeys="true" keyProperty="id">
		insert into shopping.goods(goods_code, goods_name, goods_description,kinds_code)
		values(#{goodsCodeString}, #{goodsNameString}, #{goodsDescriptionString},#{kindsCodeString})
	</insert>
	
	<delete id="delete" parameterType="Object">
		delete from shopping.goods where goods_code = #{goodsCodeString}
	</delete>
	
	<delete id="deleteModel" parameterType="Object">
		delete from shopping.goods 
		<include refid="Example_Where_Clause" />
	</delete>
	
		<!-- 根据，修改记录 -->
	<update id="update" parameterType="Object">
		update shopping.goods set
		goods_name = #{goodsNameString}, kinds_code= #{kindsCodeString},goods_description = #{goodsDescriptionString}
		where goods_code = #{goodsCodeString}
	</update>

	<!-- 修改记录，只修改只不为空的字段 -->
	<update id="updateActive" parameterType="Object">
		update shopping.goods set 
		<trim suffixOverrides=",">
			<if test="goodsNameString != null and goodsNameString != '' ">
				goods_name = #{goodsNameString},
			</if>
			<if test="kindsCodeString != null and kindsCodeString != '' ">
				kinds_code = #{kindsCodeString},
			</if>
		</trim>
		where goods_code = #{goodsCodeString}
	</update>
	
	<!-- 根据查询 系统用户 -->
	<select id="selectId" resultMap="BaseResultMap" parameterType="Object">
		select <include refid="Base_Column_List" />
		from shopping.goods where goods_code = #{goodsCodeString}
	</select>

	<!-- 系统用户 列表总数 -->
	<select id="selectCount" resultType="java.lang.Integer" 
	parameterType="Object">
		select count(1) count from shopping.goods
		<include refid="Example_Where_Clause" />
	</select>
	
    <select id="selectAll" resultMap="BaseResultMap" parameterType="Object">
		select <include refid="Base_Column_List" />
		from shopping.goods
		<include refid="Example_Where_Clause" />
		limit ${rowStart},${pageLimit}
	</select>

</mapper> 