<?xml version="1.0" encoding="UTF-8"?>
<!DOCTYPE mapper
  PUBLIC "-//mybatis.org//DTD Mapper 3.0//EN"
  "http://mybatis.org/dtd/mybatis-3-mapper.dtd">
<mapper namespace="com.st.ssm.goods.mapper.GoodsImageMapper">

	<resultMap id="BaseResultMap"
		type="com.st.ssm.goods.model.GoodsImageModel">
		<result column="id" property="id" />
		<result column="goods_code" property="goodsCodeString" />
		<result column="url" property="urlString" />
		<result column="type" property="typeString" />
		<result column="is_primary" property="isPrimaryString" />
	</resultMap>
	
<!-- table all fields   sql片段 -->
	<sql id="Base_Column_List">
		id,goods_code,url,type,is_primary
	</sql>
	
	
<!-- 查询条件 -->
	<!-- 查询goods分页链表的查询条件 -->
	<sql id="Example_Where_Clause">
		where 1=1
			<if test="goodsCodeString != null">
				and goods_code like #{goodsCodeString}
			</if>
			<if test="urlString != null">
				and url like #{urlString}
			</if>
	</sql>
	
	<insert id="insert" parameterType="Object" useGeneratedKeys="true" keyProperty="id">
		insert into shopping.goods_iamge(goods_code, url, type,is_primary)
		values(#{goodsCodeString}, #{urlString}, #{typeString},#{isPrimaryString})
	</insert>
	
	<delete id="delete" parameterType="Object">
		delete from shopping.goods_iamge where id = #{id}
	</delete>
	
	<delete id="deleteModel" parameterType="Object">
		delete from shopping.goods_iamge 
		<include refid="Example_Where_Clause" />
	</delete>
	
		<!-- 根据，修改记录 -->
	<update id="update" parameterType="Object">
		update shopping.goods_iamge set
		url = #{urlString}, type = #{typeString}
		where id = #{id}
	</update>

	<!-- 修改记录，只修改只不为空的字段 -->
	<update id="updateActive" parameterType="Object">
		update shopping.goods_iamge set 
		<trim suffixOverrides=",">
			<if test="urlString != null and urlString != '' ">
				url = #{urlString},
			</if>
			<if test="isPrimaryString != null and isPrimaryString != '' ">
				is_primary = #{isPrimaryString},
			</if>
		</trim>
		where id = #{id}
	</update>
	
	
	<!-- 根据查询 系统用户 -->
	<select id="selectId" resultMap="BaseResultMap" parameterType="Object">
		select <include refid="Base_Column_List" />
		from shopping.goods_iamge where id = #{id}
	</select>

	<!-- 系统用户 列表总数 -->
	<select id="selectCount" resultType="java.lang.Integer" 
	parameterType="Object">
		select count(1) count from shopping.goods_iamge
		<include refid="Example_Where_Clause" />
	</select>
	
    <select id="selectAll" resultMap="BaseResultMap" parameterType="Object">
		select <include refid="Base_Column_List" />
		from shopping.goods_iamge where goods_code like #{goodsCodeString}
		<if test="isPrimaryString != null and isPrimaryString != '' ">
				and is_primary = #{isPrimaryString}
		</if>
		 limit ${rowStart},${pageLimit}
	</select>

</mapper> 