<?xml version="1.0" encoding="UTF-8"?>
<!DOCTYPE mapper
  PUBLIC "-//mybatis.org//DTD Mapper 3.0//EN"
  "http://mybatis.org/dtd/mybatis-3-mapper.dtd">
<mapper namespace="com.st.ssm.shoppingcur.mapper.ShoppingCurMapper">

	<resultMap id="BaseResultMap"
		type="com.st.ssm.shoppingcur.model.ShoppingCurModel">
		<result column="id" property="id" />
		<result column="user_code" property="userCodeString" />
		<result column="goods_code" property="goodsCodeString" />
		<result column="goods_count" property="goodsCountString" />
	</resultMap>
	
<!-- table all fields   sql片段 -->
	<sql id="Base_Column_List">
		id,user_code,goods_code,goods_count
	</sql>
	
	
<!-- 查询条件 -->
	<!-- 查询shopping_car分页链表的查询条件 -->
	<sql id="Example_Where_Clause">
		where 1=1
			<if test="userCodeString != null">
				and user_code like #{userCodeString}
			</if>
			<if test="goodsCodeString != null">
				and goods_code like #{goodsCodeString}
			</if>
	</sql>
	
	<insert id="insert" parameterType="Object" useGeneratedKeys="true" keyProperty="id">
		insert into shopping.shopping_car(user_code,goods_code,goods_count)
		values(#{userCodeString},#{goodsCodeString},#{goodsCountString})
	</insert>
	
	<delete id="delete" parameterType="Object">
		delete from shopping.shopping_car where id = #{id}
	</delete>
	
	<delete id="deleteModel" parameterType="Object">
		delete from shopping.shopping_car 
		<include refid="Example_Where_Clause" />
	</delete>
	
		<!-- 根据，修改记录 -->
	<update id="update" parameterType="Object">
		update shopping.shopping_car set
		goods_count= #{goodsCountString}
		where id = #{id}
	</update>

	<!-- 修改记录，只修改只不为空的字段 -->
	<update id="updateActive" parameterType="Object">
		update shopping.shopping_car set 
		<trim suffixOverrides=",">
			<if test="userCodeString != null and userCodeString != '' ">
				user_code = #{userCodeString},
			</if>
		</trim>
		where id = #{id}
	</update>
	
	<!-- 根据查询 系统用户 -->
	<select id="selectId" resultMap="BaseResultMap" parameterType="Object">
		select <include refid="Base_Column_List" />
		from shopping.shopping_car where id = #{id}
	</select>

	<!-- 系统用户 列表总数 -->
	<select id="selectCount" resultType="java.lang.Integer" 
	parameterType="Object">
		select count(1) count from shopping.shopping_car
		<include refid="Example_Where_Clause" />
	</select>
	
    <select id="selectAll" resultMap="BaseResultMap" parameterType="Object">
		select <include refid="Base_Column_List" />
		from shopping.shopping_car
		<include refid="Example_Where_Clause" />
<!-- 		limit ${rowStart},${pageLimit} -->
	</select>

</mapper> 