<?xml version="1.0" encoding="UTF-8"?>
<!DOCTYPE mapper
  PUBLIC "-//mybatis.org//DTD Mapper 3.0//EN"
  "http://mybatis.org/dtd/mybatis-3-mapper.dtd">
<mapper namespace="com.st.ssm.kinds.mapper.KindsMapper">

	<resultMap id="BaseResultMap"
		type="com.st.ssm.kinds.model.KindsModel">
		<result column="kinds_code" property="kindsCodeString" />
		<result column="kinds_name" property="kindsNameString" />
		<result column="kinds_description" property="kindsDescriptionString" />
		<result column="parent_code" property="parentCodeString" />
	</resultMap>
	
<!-- table all fields   sql片段 -->
	<sql id="Base_Column_List">
		kinds_code, kinds_name,kinds_description,parent_code
	</sql>
	
	
<!-- 查询条件 -->
	<!-- 查询kinds分页链表的查询条件 -->
	<sql id="Example_Where_Clause">
		where 1=1
			<if test="kindsCodeString != null">
				and kinds_code like #{kindsCodeString}
			</if>
			<if test="kindsNameString != null  and kindsNameString != '' ">
				and kinds_name like #{kindsNameString}
			</if>
			<if test="parentCodeString != null  and parentCodeString != '' ">
				and parent_code = #{parentCodeString}
			</if>
	</sql>
	
	<insert id="insert" parameterType="Object" useGeneratedKeys="true" keyProperty="id">
		insert into shopping.kinds(kinds_code, kinds_name, kinds_description,parent_code)
		values(#{kindsCodeString}, #{kindsNameString}, #{kindsDescriptionString},#{parentCodeString})
	</insert>
	
	<delete id="delete" parameterType="Object">
		delete from shopping.kinds where kinds_code = #{kindsCodeString}
	</delete>
	
	<delete id="deleteModel" parameterType="Object">
		delete from shopping.kinds 
		<include refid="Example_Where_Clause" />
	</delete>
	
		<!-- 根据，修改记录 -->
	<update id="update" parameterType="Object">
		update shopping.kinds set
		kinds_name = #{kindsNameString}, parent_code= #{parentCodeString},kinds_description = #{kindsDescriptionString}
		where kinds_code = #{kindsCodeString}
	</update>

	<!-- 修改记录，只修改只不为空的字段 -->
	<update id="updateActive" parameterType="Object">
		update shopping.kinds set 
		<trim suffixOverrides=",">
			<if test="kindsNameString != null and kindsNameString != '' ">
				kinds_name = #{kindsNameString},
			</if>
			<if test="parentCodeString != null and parentCodeString != '' ">
				parent_code = #{parentCodeString},
			</if>
		</trim>
		where kinds_code = #{kindsCodeString}
	</update>
	
	<!-- 根据查询 系统用户 -->
	<select id="selectId" resultMap="BaseResultMap" parameterType="Object">
		select <include refid="Base_Column_List" />
		from shopping.kinds where kinds_code = #{kindsCodeString}
	</select>
	
	<select id="selectByName" resultMap="BaseResultMap" parameterType="Object">
		select <include refid="Base_Column_List" />
		from shopping.kinds where kinds_name = #{kindsNameString}
	</select>

	<!-- 系统用户 列表总数 -->
	<select id="selectCount" resultType="java.lang.Integer" 
	parameterType="Object">
		select count(1) count from shopping.kinds 
		<include refid="Example_Where_Clause" />
	</select>
	
    <select id="selectAll" resultMap="BaseResultMap" parameterType="Object">
		select <include refid="Base_Column_List" />
		from shopping.kinds
		<include refid="Example_Where_Clause" />
		limit ${rowStart},${pageLimit}
	</select>
	
	<select id="selectModel" resultMap="BaseResultMap" parameterType="Object">
		select <include refid="Base_Column_List" />
		from shopping.kinds
		<include refid="Example_Where_Clause" />
	</select>
	
	   <select id="selectParent" resultMap="BaseResultMap" parameterType="Object">
		select kinds_code, kinds_name
		from shopping.kinds where parent_code = #{parentCodeString}
	</select>

</mapper> 