<?xml version="1.0" encoding="UTF-8"?>
<!DOCTYPE mapper
  PUBLIC "-//mybatis.org//DTD Mapper 3.0//EN"
  "http://mybatis.org/dtd/mybatis-3-mapper.dtd">
<mapper namespace="com.st.ssm.order.mapper.OrderDetailMapper">

	<resultMap id="BaseResultMap"
		type="com.st.ssm.order.model.OrderDetailModel">
		<result column="id" property="id" />
		<result column="order_code" property="orderCodeString" />
		<result column="goods_code" property="goodsCodeString" />
		<result column="goods_name" property="goodsNameString" />
		<result column="image" property="imageString" />
		<result column="count" property="countString" />
		<result column="price" property="priceString" />
	</resultMap>
	
<!-- table all fields   sql片段 -->
	<sql id="Base_Column_List">
		id,order_code,goods_code,goods_name,image,count,price
	</sql>
	
	
<!-- 查询条件 -->
	<!-- 查询order分页链表的查询条件 -->
	<sql id="Example_Where_Clause">
		where 1=1
			<if test="orderCodeString != null">
				and order_code like #{orderCodeString}
			</if>
	</sql>
	
	<insert id="insert" parameterType="Object" useGeneratedKeys="true" keyProperty="id">
		insert into shopping.order_detail(order_code,goods_code,goods_name,image,count,price)
		values(#{orderCodeString},#{goodsCodeString},#{goodsNameString},#{imageString},#{countString},#{priceString})
	</insert>
	
	<delete id="delete" parameterType="Object">
		delete from shopping.order_detail where id = #{id}
	</delete>
	
	<delete id="deleteModel" parameterType="Object">
		delete from shopping.order_detail 
		<include refid="Example_Where_Clause" />
	</delete>
	
		<!-- 根据，修改记录 -->
	<update id="update" parameterType="Object">
		update shopping.order_detail set
		goods_code= #{goodsCodeString}
		where order_code = #{orderCodeString}
	</update>

	<!-- 修改记录，只修改只不为空的字段 -->
	<update id="updateActive" parameterType="Object">
		update shopping.order_detail set 
		<trim suffixOverrides=",">
			<if test="goodsCodeString != null and goodsCodeString != '' ">
				goods_code= #{goodsCodeString}
			</if>
		</trim>
		where order_code = #{orderCodeString}
	</update>
	
	<!-- 根据查询 系统用户 -->
	<select id="selectId" resultMap="BaseResultMap" parameterType="Object">
		select <include refid="Base_Column_List" />
		from shopping.order_detail where order_code = #{orderCodeString}
	</select>

	<!-- 系统用户 列表总数 -->
	<select id="selectCount" resultType="java.lang.Integer" 
	parameterType="Object">
		select count(1) count from shopping.order_detail
		<include refid="Example_Where_Clause" />
	</select>
	
    <select id="selectAll" resultMap="BaseResultMap" parameterType="Object">
		select <include refid="Base_Column_List" />
		from shopping.order_detail
		<include refid="Example_Where_Clause" />
		limit ${rowStart},${pageLimit}
	</select>

</mapper> 