<?xml version="1.0" encoding="UTF-8"?>
<!DOCTYPE mapper
  PUBLIC "-//mybatis.org//DTD Mapper 3.0//EN"
  "http://mybatis.org/dtd/mybatis-3-mapper.dtd">
<mapper namespace="com.st.ssm.order.mapper.OrderMapper">

	<resultMap id="BaseResultMap"
		type="com.st.ssm.order.model.OrderModel">
		<result column="order_code" property="orderCodeString" />
		<result column="user_code" property="userCodeString" />
		<result column="address" property="addressString" />
		<result column="sum_price" property="sumPriceString" />
		<result column="order_time" property="orderTimeString" />
		<result column="is_payment" property="isPaymentString" />
	</resultMap>
	
<!-- table all fields   sql片段 -->
	<sql id="Base_Column_List">
		order_code,user_code,address,sum_price,order_time,is_payment
	</sql>
	
	
<!-- 查询条件 -->
	<!-- 查询order分页链表的查询条件 -->
	<sql id="Example_Where_Clause">
		where 1=1
			<if test="orderCodeString != null">
				and order_code like #{orderCodeString}
			</if>
			<if test="userCodeString != null">
				and user_code like #{userCodeString}
			</if>
	</sql>
	
	<insert id="insert" parameterType="Object" useGeneratedKeys="true" keyProperty="id">
		insert into shopping.order(order_code, user_code,sum_price,order_time,address,is_payment)
		values(#{orderCodeString},#{userCodeString},#{sumPriceString},#{orderTimeString},#{addressString},#{isPaymentString})
	</insert>
	
	<delete id="delete" parameterType="Object">
		delete from shopping.order where order_code = #{orderCodeString}
	</delete>
	
	<delete id="deleteModel" parameterType="Object">
		delete from shopping.order 
		<include refid="Example_Where_Clause" />
	</delete>
	
		<!-- 根据，修改记录 -->
	<update id="update" parameterType="Object">
		update shopping.order set
		user_code= #{userCodeString}
		where order_code = #{orderCodeString}
	</update>

	<!-- 修改记录，只修改只不为空的字段 -->
	<update id="updateActive" parameterType="Object">
		update shopping.order set 
		<trim suffixOverrides=",">
			<if test="userCodeString != null and userCodeString != '' ">
				user_code = #{userCodeString},
			</if>
			<if test="isPaymentString != null and isPaymentString != '' ">
				is_payment = #{isPaymentString},
			</if>
			<if test="addressString != null and addressString != '' ">
				address = #{addressString},
			</if>
		</trim>
		where order_code = #{orderCodeString}
	</update>
	
	<!-- 根据查询 系统用户 -->
	<select id="selectId" resultMap="BaseResultMap" parameterType="Object">
		select <include refid="Base_Column_List" />
		from shopping.order where order_code = #{orderCodeString}
	</select>

	<!-- 系统用户 列表总数 -->
	<select id="selectCount" resultType="java.lang.Integer" 
	parameterType="Object">
		select count(1) count from shopping.order
		<include refid="Example_Where_Clause" />
	</select>
	
    <select id="selectAll" resultMap="BaseResultMap" parameterType="Object">
		select <include refid="Base_Column_List" />
		from shopping.order
		<include refid="Example_Where_Clause" />
		limit ${rowStart},${pageLimit}
	</select>

</mapper> 