<?xml version="1.0" encoding="UTF-8"?>
<!DOCTYPE mapper
  PUBLIC "-//mybatis.org//DTD Mapper 3.0//EN"
  "http://mybatis.org/dtd/mybatis-3-mapper.dtd">
<mapper namespace="com.st.ssm.user.mapper.AddressMapper">

	<resultMap id="BaseResultMap"
		type="com.st.ssm.user.model.AddressModel">
		<result column="user_code" property="userCodeString" />
		<result column="address" property="addressString" />
		<result column="id" property="id" />
	</resultMap>
	
	<!-- table all fields   sql片段 -->
	<sql id="Base_Column_List">
		user_code, address,id
	</sql>
	
	
<!-- 查询条件 -->
	<!-- 查询user分页链表的查询条件 -->
	<sql id="Example_Where_Clause">
		where 1=1
			<if test="userCodeString != null">
				and user_code like #{userCodeString}
			</if>
			<if test="id != null">
				and id like #{id}
			</if>

	</sql>
	
	<insert id="insert" parameterType="Object" useGeneratedKeys="true" keyProperty="id">
		insert into shopping.address(user_code, id, address)
		values(#{userCodeString}, #{id}, #{addressString})
	</insert>
	
	<delete id="delete" parameterType="Object">
		delete from shopping.address where id = #{id}
	</delete>
	
	<delete id="deleteModel" parameterType="Object">
		delete from shopping.address 
		<include refid="Example_Where_Clause" />
	</delete>
	
		<!-- 根据，修改记录 -->
	<update id="update" parameterType="Object">
		update shopping.address set
		user_name = #{userNameString}, address= #{addressString}
		where id = #{id}
	</update>

	<!-- 修改记录，只修改只不为空的字段 -->
	<update id="updateActive" parameterType="Object">
		update shopping.address set 
		<trim suffixOverrides=",">
			<if test="userPasswordString != null and userPasswordString != '' ">
				address = #{addressString},
			</if>
		</trim>
		where id = #{id}
	</update>
	
	<!-- 根据查询 系统用户 -->
	<select id="selectId" resultMap="BaseResultMap" parameterType="Object">
		select <include refid="Base_Column_List" />
		from shopping.address where id = #{id}
	</select>
	
		<!-- 根据查询 系统用户 -->
	<select id="selectByCode" resultMap="BaseResultMap" parameterType="Object">
		select <include refid="Base_Column_List" />
		from shopping.address where user_code = #{userCodeString}
	</select>

	<!-- 系统用户 列表总数 -->
	<select id="selectCount" resultType="java.lang.Integer" 
	parameterType="Object">
		select count(1) count from shopping.address
		<include refid="Example_Where_Clause" />
	</select>
	
    <select id="selectAll" resultMap="BaseResultMap" parameterType="Object">
		select <include refid="Base_Column_List" />
		from shopping.address
		<include refid="Example_Where_Clause" />
				limit ${rowStart},${pageLimit}
	</select>
	
</mapper> 