<?xml version="1.0" encoding="UTF-8"?>
<!DOCTYPE mapper
  PUBLIC "-//mybatis.org//DTD Mapper 3.0//EN"
  "http://mybatis.org/dtd/mybatis-3-mapper.dtd">
<mapper namespace="com.st.ssm.user.mapper.UserMapper">

	<resultMap id="BaseResultMap"
		type="com.st.ssm.user.model.UserModel">
		<result column="user_code" property="userCodeString" />
		<result column="user_name" property="userNameString" />
		<result column="user_password" property="userPasswordString"/>
		<result column="user_phone" property="userPhoneString" />
		<result column="user_sex" property="userSexString" />
	</resultMap>
	
	<!-- table all fields   sql片段 -->
	<sql id="Base_Column_List">
		user_code, user_name,user_phone,user_password,user_sex
	</sql>
	
	
<!-- 查询条件 -->
	<!-- 查询user分页链表的查询条件 -->
	<sql id="Example_Where_Clause">
		where 1=1
			<if test="userCodeString != null">
				and user_code like #{userCodeString}
			</if>
			<if test="userNameString != null">
				and user_name like #{userNameString}
			</if>
			<if test="userPhoneString != null and userPhoneString != ''">
				and user_sex = #{userSexString}
			</if>
	</sql>
	
	<insert id="insert" parameterType="Object" useGeneratedKeys="true" keyProperty="id">
		insert into shopping.user(user_code, user_name, user_password,user_phone,user_sex)
		values(#{userCodeString}, #{userNameString}, #{userPasswordString}, #{userPhoneString},#{userSexString})
	</insert>
	
	<delete id="delete" parameterType="Object">
		delete from shopping.user where user_code = #{userCodeString}
	</delete>
	
	<delete id="deleteModel" parameterType="Object">
		delete from shopping.user 
		<include refid="Example_Where_Clause" />
	</delete>
	
		<!-- 根据，修改记录 -->
	<update id="update" parameterType="Object">
		update shopping.user set
		user_name = #{userNameString}, user_sex= #{userSexString},user_phone = #{userPhoneString}
		where user_code = #{userCodeString}
	</update>

	<!-- 修改记录，只修改只不为空的字段 -->
	<update id="updateActive" parameterType="Object">
		update shopping.user set 
		<trim suffixOverrides=",">
			<if test="userNameString != null and userNameString != '' ">
				user_name = #{userNameString},
			</if>
			<if test="userPasswordString != null and userPasswordString != '' ">
				user_password = #{userPasswordString},
			</if>
		</trim>
		where user_code = #{userCodeString}
	</update>
	
	<!-- 根据查询 系统用户 -->
	<select id="selectId" resultMap="BaseResultMap" parameterType="Object">
		select <include refid="Base_Column_List" />
		from shopping.user where user_code = #{userCodeString}
	</select>

	<!-- 系统用户 列表总数 -->
	<select id="selectCount" resultType="java.lang.Integer" 
	parameterType="UserModel">
		select count(1) count from shopping.user
		<include refid="Example_Where_Clause" />
	</select>
	
    <select id="selectAll" resultMap="BaseResultMap" parameterType="Object">
		select <include refid="Base_Column_List" />
		from shopping.user
		<include refid="Example_Where_Clause" />
				limit ${rowStart},${pageLimit}
	</select>
	
</mapper> 